timestamp,ticker,source,title,text,url,label,compound,positive,negative,neutral
2026-03-15T20:18:49.498983+00:00,GME,reddit,"r/Stocks Weekly Thread on Meme Stocks Saturday - Mar 14, 2026","<!-- SC_OFF --><div class=""md""><p>The meme stock scheduled posts will now run weekly and post Saturday afternoon and won&#39;t be a sticky; you&#39;re probably seeing this because automod sent you here!</p> <p><a href=""https://www.reddit.com/r/stocks/wiki/meme-stocks"">Full list of meme stocks here.<",,neutral,0.0,0.0,0.0,1.0
2026-03-15T20:18:49.498983+00:00,GME,reddit,WHY I'M SHORT SELLING RDDT,"<!-- SC_OFF --><div class=""md""><p>RDDT was logging into stocktwits and I was remined why I&#39;m short selling RDDT .</p> <p>Cloudflare asked me &quot;verify you are human&quot; , why doesn&#39;t RDDT use this verification feature as a Cloudflare customer?</p> <p>Because it would actually stop bots,",,negative,-0.3595,0.0,0.054,0.946
2026-03-15T20:18:49.498983+00:00,GME,reddit,What was your best investment/swing trade of the last 5 years? Was it DD or luck?,"<!-- SC_OFF --><div class=""md""><p>Curious to see in hindsight if people have made any well researched, successful plays they’d like to share.</p> <p>What was the thesis behind your conviction and how did you play it; how did you capitalise on a catalyst or market overreaction?</p> <p>Was it really d",,positive,0.963,0.278,0.0,0.722
2026-03-15T20:18:49.498983+00:00,GME,reddit,What are you folks watching or buying during this downturn?,"<!-- SC_OFF --><div class=""md""><p>Thinking about adding some oil-related names to the watchlist, but wondering if the move might already be crowded. Energy has had a pretty strong run lately, especially with the recent geopolitical tensions pushing crude higher.</p> <p>At the same time, I’m asking m",,positive,0.4753,0.171,0.126,0.703
2026-03-15T20:18:49.498983+00:00,GME,reddit,"Novo and Hims to sell obesity drugs together as feud ends, Bloomberg News reports","<!-- SC_OFF --><div class=""md""><p>Short float is around 40% are we going to see a GME style SS?</p> <p>March 6 (Reuters) - Wegovy maker Novo Nordisk plans to sell its weight-loss drugs on Hims &amp; Hers Health platform, bringing an end to a dispute between the two companies that escalated into a le",,negative,-0.6588,0.0,0.084,0.916
2026-03-15T20:18:49.498983+00:00,GME,reddit,"r/Stocks Weekly Thread on Meme Stocks Saturday - Mar 07, 2026","<!-- SC_OFF --><div class=""md""><p>The meme stock scheduled posts will now run weekly and post Saturday afternoon and won&#39;t be a sticky; you&#39;re probably seeing this because automod sent you here!</p> <p><a href=""https://www.reddit.com/r/stocks/wiki/meme-stocks"">Full list of meme stocks here.<",,neutral,0.0,0.0,0.0,1.0
2026-03-15T20:18:49.498983+00:00,GME,reddit,What’s the longest you’ve held a stock?,"<!-- SC_OFF --><div class=""md""><p>Would like to hear some stories of stocks you’ve held for years/decades. What compelled you to buy the stock in the first place? Was holding it your ultimate goal or was it a continuous wait-and-see decision? How did you know it was finally time to sell? </p> </div>",,positive,0.6062,0.084,0.0,0.916
2026-03-15T20:18:49.498983+00:00,GME,reddit,"US weighs oil futures market action to combat price spikes, White House official says","<table> <tr><td> <a href=""https://www.reddit.com/r/wallstreetbets/comments/1rm01kq/us_weighs_oil_futures_market_action_to_combat/""> <img src=""https://external-preview.redd.it/QuRA_fRB9Fyt4yeKnU-PN-pFr2vpANOcZx9j_qedkyU.jpeg?width=640&amp;crop=smart&amp;auto=webp&amp;s=c62455702de33f7d25041c3aa911e67",,negative,-0.34,0.0,0.112,0.888
2026-03-15T20:18:49.498983+00:00,GME,reddit,Schd or VTI/VOO for the next 10-15 years?,"<!-- SC_OFF --><div class=""md""><p>Hi everyone, I am looking to retire in 10-15 years (but can work longer) and have some money to invest. For years, I’ve read posts throughout Reddit championing “VOO/VTI and chill” but as many companies in these ETFs drift towards 52 Week highs and wild P/E ratios, ",,positive,0.2942,0.038,0.0,0.962
2026-03-15T20:18:49.498983+00:00,GME,reddit,"r/Stocks Weekly Thread on Meme Stocks Saturday - Feb 28, 2026","<!-- SC_OFF --><div class=""md""><p>The meme stock scheduled posts will now run weekly and post Saturday afternoon and won&#39;t be a sticky; you&#39;re probably seeing this because automod sent you here!</p> <p><a href=""https://www.reddit.com/r/stocks/wiki/meme-stocks"">Full list of meme stocks here.<",,neutral,0.0,0.0,0.0,1.0
2026-03-15T20:18:49.498983+00:00,GME,reddit,EBay lays off 6% of global workforce in an effort to “reinvent” its business,"<table> <tr><td> <a href=""https://www.reddit.com/r/wallstreetbets/comments/1rfs35n/ebay_lays_off_6_of_global_workforce_in_an_effort/""> <img src=""https://external-preview.redd.it/zNP5053Lcdk6azSOxOmWGZjuHSuH0P9OVNt5W3te78E.jpeg?width=640&amp;crop=smart&amp;auto=webp&amp;s=4e09f77d52520687f1f923fd5d44",,neutral,0.0,0.0,0.0,1.0
2026-03-15T20:18:49.498983+00:00,GME,reddit,You’re given a hot stock and want to grow it. What do you do?,"<!-- SC_OFF --><div class=""md""><p>Scenario that was discussed at work today: you’re given $20k worth of a stock. Something like Apple, NVIDIA, Amazon, etc. </p> <p>The goal is to maximize its growth over 10 years: what would you do? Diversify? Move it to one big stock? Sell it now and hold the cash ",,positive,0.8501,0.16,0.0,0.84
2026-03-15T20:18:49.498983+00:00,GME,reddit,Paypal Halted following Takeover report.,"&#32; submitted by &#32; <a href=""https://www.reddit.com/user/CryptoBoy-007""> /u/CryptoBoy-007 </a> <br/> <span><a href=""https://www.investing.com/news/assorted/paypal-halted-on-circuit-breaker-following-takeover-report-432SI-4519451"">[link]</a></span> &#32; <span><a href=""https://www.reddit.com/r/w",,neutral,0.0,0.0,0.0,1.0
2026-03-15T20:18:49.498983+00:00,GME,reddit,"r/Stocks Weekly Thread on Meme Stocks Saturday - Feb 21, 2026","<!-- SC_OFF --><div class=""md""><p>The meme stock scheduled posts will now run weekly and post Saturday afternoon and won&#39;t be a sticky; you&#39;re probably seeing this because automod sent you here!</p> <p><a href=""https://www.reddit.com/r/stocks/wiki/meme-stocks"">Full list of meme stocks here.<",,neutral,0.0,0.0,0.0,1.0
2026-03-15T20:18:49.498983+00:00,GME,reddit,What are your not so well known/undervalued long term investment stocks?,"<!-- SC_OFF --><div class=""md""><p>I guess many people have the more well known stocks like google, amazon etc for long term investing (+ etfs obviously) but I’m curious if anyone has any small stocks they believe will grow a lot in the coming years. Which are those for you?</p> </div><!-- SC_ON --> ",,positive,0.5727,0.106,0.05,0.845
2026-03-15T20:18:49.498983+00:00,GME,reddit,Is anyone considering PayPal?,"<table> <tr><td> <a href=""https://www.reddit.com/r/wallstreetbets/comments/1r8sx8r/is_anyone_considering_paypal/""> <img src=""https://preview.redd.it/8ogsjq7qjekg1.png?width=640&amp;crop=smart&amp;auto=webp&amp;s=8f5d00be9ca7bf2d417873adea6fbda966138ce2"" alt=""Is anyone considering PayPal?"" title=""Is ",,neutral,0.0,0.0,0.0,1.0
2026-03-15T20:18:49.498983+00:00,GME,reddit,20K SLV puts YOLO,"<table> <tr><td> <a href=""https://www.reddit.com/r/wallstreetbets/comments/1r88vnq/20k_slv_puts_yolo/""> <img src=""https://preview.redd.it/2wzhk8xvcakg1.jpg?width=140&amp;height=140&amp;crop=1:1,smart&amp;auto=webp&amp;s=f6de36907461703fc8c0b5433626db9b6587a0c3"" alt=""20K SLV puts YOLO"" title=""20K SLV",,positive,0.6874,0.288,0.0,0.712
2026-03-15T20:18:49.498983+00:00,GME,reddit,What company have you held in your portfolio for a long time that you never hear mentioned on Reddit?,"<!-- SC_OFF --><div class=""md""><p>Reddit seems to talk about the same companies over and over again. But I know many of you have long term term positions in companies that never get mentioned here. </p> <p>What are these positions? How long have you held them and how have they worked out for you?</p",,neutral,0.0,0.0,0.0,1.0
2026-03-15T20:18:49.498983+00:00,GME,reddit,"r/Stocks Weekly Thread on Meme Stocks Saturday - Feb 14, 2026","<!-- SC_OFF --><div class=""md""><p>The meme stock scheduled posts will now run weekly and post Saturday afternoon and won&#39;t be a sticky; you&#39;re probably seeing this because automod sent you here!</p> <p><a href=""https://www.reddit.com/r/stocks/wiki/meme-stocks"">Full list of meme stocks here.<",,neutral,0.0,0.0,0.0,1.0
2026-03-15T20:18:49.498983+00:00,GME,news,GameStop Weighs Rumored eBay Deal To Reset Growth And Risk Profile,"GameStop (NYSE:GME) is reportedly considering a major acquisition of a larger consumer company, widely speculated to be eBay, as part of CEO Ryan Cohen's strategy to transform GameStop into a diversified holding company. This move aims to shift GameStop's focus from traditional brick-and-mortar reta",https://www.sahmcapital.com/news/content/gamestop-weighs-rumored-ebay-deal-to-reset-growth-and-risk-profile-2026-03-02,positive,0.128,0.048,0.038,0.914
2026-03-15T20:18:49.498983+00:00,GME,news,GameStop Corp. Class A Trade Ideas — VIE:GME,"This article compiles various trade ideas and analyses for GameStop Corp. (GME) from different traders on TradingView. It covers technical analysis, momentum indicators, historical price patterns, and potential catalysts like CEO Ryan Cohen's strategic acquisition plans and insider buying. The overa",https://www.tradingview.com/symbols/VIE-GME/ideas/?sort=recent,positive,0.3612,0.052,0.0,0.948
2026-03-15T20:18:49.498983+00:00,GME,news,GameStop Stock Edges Higher Tuesday: What's Going On?,"GameStop (GME) shares were trading marginally higher on Tuesday, though they remain down about 7% for February. The stock's volatility is driven by recent insider buying, CEO Ryan Cohen's vision for a $100 billion acquisition, and investor Michael Burry's comparison of Cohen's strategy to Warren Buf",https://www.sahmcapital.com/news/content/gamestop-stock-edges-higher-tuesday-whats-going-on-2026-02-24,positive,0.4939,0.076,0.0,0.924
2026-03-15T20:18:49.498983+00:00,GME,news,"Logan Paul's Rare Pikachu Illustrator Sells For $16.5M, GameStop Won't Even Offer $4: 'Don't Want To Go Anywhere Near This Card'","Logan Paul's rare PSA 10 Pikachu Illustrator card sold for a record $16.5 million at auction, making it the most expensive trading card ever sold. GameStop, despite its partnership with card grading firm PSA, jokingly stated they wouldn't offer even $4 for the card, distancing themselves from its hi",https://www.sahmcapital.com/news/content/logan-pauls-rare-pikachu-illustrator-sells-for-165m-gamestop-wont-even-offer-4-dont-want-to-go-anywhere-near-this-card-2026-02-17,negative,-0.0572,0.0,0.018,0.982
2026-03-15T20:18:49.498983+00:00,GME,news,"GameStop, Palantir, Tesla And More: 5 Stocks Investors Couldn't Stop Buzzing About This Week","This article highlights five stocks—GameStop, Tesla, Amazon, Palantir, and Nvidia—that garnered significant investor attention on social media platforms like X and Reddit's r/WallStreetBets during the week of Feb. 9 to Feb. 13. The buzz stemmed from retail hype, earnings reports, AI advancements, an",https://www.sahmcapital.com/news/content/gamestop-palantir-tesla-and-more-5-stocks-investors-couldnt-stop-buzzing-about-this-week-2026-02-15,positive,0.7085,0.136,0.0,0.864
2026-03-15T20:18:49.498983+00:00,GME,news,The Bull Case For GameStop (GME) Could Change Following Store Closures And Bitcoin Shift - Learn Why,"GameStop (GME) is undergoing significant transformation, accelerating store closures and investing cash reserves in Bitcoin, reflecting a shift towards digital gaming and a reimagined business model. This strategy aims to create a leaner, cash-generating platform through collectibles and online enga",https://www.sahmcapital.com/news/content/the-bull-case-for-gamestop-gme-could-change-following-store-closures-and-bitcoin-shift-learn-why-2026-02-09,positive,0.4404,0.071,0.0,0.929
2026-03-15T20:18:49.498983+00:00,GME,news,Ali Ehad Turker discloses 0.09% GameStop (GME) stake in 13G/A,"Ali Ehad Turker has filed an amended Schedule 13G, reporting a beneficial ownership of 269,777 shares, representing 0.09% of GameStop Corp.'s Class A common stock. Turker holds sole voting and dispositive power over these shares, which were acquired in the ordinary course of business and not to infl",https://www.stocktitan.net/sec-filings/GME/schedule-13g-a-game-stop-corp-amended-passive-investment-disclosure-a3b0480212e2.html,positive,0.743,0.121,0.0,0.879
2026-03-15T20:18:49.498983+00:00,GME,news,GameStop Targets Larger Consumer Deal As Cohen Pursues Conglomerate Future,"GameStop (NYSE:GME) plans to acquire a much larger publicly traded consumer company, marking a significant pivot towards a diversified conglomerate model led by CEO Ryan Cohen. This strategy is backed by strong liquidity and high-profile investors like Michael Burry, aiming to transform GameStop fro",https://www.sahmcapital.com/news/content/gamestop-targets-larger-consumer-deal-as-cohen-pursues-conglomerate-future-2026-01-31,positive,0.7717,0.156,0.0,0.844
2026-03-15T20:18:49.498983+00:00,GME,news,"GameStop Stock Slides Thursday: Traders Digest Burry, Cohen Buzz","GameStop (NYSE: GME) shares fell on Thursday, giving back recent gains, as traders evaluated the impact of investor Michael Burry's bullish comments and CEO Ryan Cohen's increased insider buying. Despite short-term technical strength and strong growth potential, the stock faces mixed momentum and is",https://www.sahmcapital.com/news/content/gamestop-stock-slides-thursday-traders-digest-burry-cohen-buzz-2026-01-29,positive,0.8853,0.236,0.041,0.723
2026-03-15T20:18:49.498983+00:00,GME,news,GameStop (GME) Is Up 9.0% After Burry And Cohen Boost Stakes And Tighten Incentive Targets - Has The Bull Case Changed?,"GameStop (GME) shares rose 9.0% after Michael Burry revealed accumulating GME stock, and CEO Ryan Cohen purchased an additional 1,000,000 shares, with his compensation now tied to ambitious market capitalization and profitability targets. This signals a shift in the investment narrative towards lead",https://www.sahmcapital.com/news/content/gamestop-gme-is-up-90-after-burry-and-cohen-boost-stakes-and-tighten-incentive-targets-has-the-bull-case-changed-2026-01-29,positive,0.9153,0.209,0.0,0.791
2026-03-15T20:18:49.498983+00:00,GME,news,GameStop CEO Ryan Cohen Targets $100 Billion Valuation With 'Big' Acquisition Plan: 'Genius Or...Totally Foolish',"GameStop CEO Ryan Cohen has revealed an ambitious plan to grow the company into a $100 billion-plus business through a significant acquisition in the consumer or retail sector. This move, which he describes as potentially ""genius or totally foolish,"" is supported by renowned investor Michael Burry, ",https://www.sahmcapital.com/news/content/gamestop-ceo-ryan-cohen-targets-100-billion-valuation-with-big-acquisition-plan-genius-ortotally-foolish-2026-01-30,positive,0.6557,0.116,0.033,0.852
2026-03-15T20:18:49.498983+00:00,GME,news,GameStop Insider Buying And Bitcoin Shift Spark Fresh Valuation Questions,"GameStop has experienced significant insider buying, including purchases by CEO Ryan Cohen and board members, and Michael Burry has confirmed a long-term position. The company also moved its entire Bitcoin holdings to Coinbase Prime, raising questions about its future digital asset strategy and over",https://www.sahmcapital.com/news/content/gamestop-insider-buying-and-bitcoin-shift-spark-fresh-valuation-questions-2026-01-28,positive,0.7579,0.148,0.0,0.852
2026-03-15T20:18:49.498983+00:00,GME,news,GameStop Resets Footprint As Cohen Adds Shares And Bitcoin Shifts To Coinbase,"GameStop CEO Ryan Cohen has increased his stake in the company, which is also repositioning its operations by closing nearly 500 stores and moving all its Bitcoin holdings to Coinbase Prime. These strategic shifts aim to create a tighter, more focused business as GameStop adapts to the evolving reta",https://www.sahmcapital.com/news/content/gamestop-resets-footprint-as-cohen-adds-shares-and-bitcoin-shifts-to-coinbase-2026-01-27,positive,0.807,0.142,0.0,0.858
2026-03-15T20:18:49.498983+00:00,GME,news,AMC Short Squeeze Back In Play? Retail Darling Surges After GameStop Insider Buying,"AMC Entertainment Holdings shares surged following news of GameStop CEO Ryan Cohen's significant stock purchases, reigniting interest in both meme stocks. The article discusses how AMC and GameStop have historically moved together, the high short interest in AMC, and the coinciding anniversary of ""R",https://www.sahmcapital.com/news/content/amc-short-squeeze-back-in-play-retail-darling-surges-after-gamestop-insider-buying-2026-01-22,positive,0.9517,0.275,0.0,0.725
2026-03-15T20:18:49.498983+00:00,GME,news,GameStop CEO Ryan Cohen Acquires 1 Million Shares,"GameStop CEO Ryan Cohen purchased 1,000,000 shares of Class A Common Stock for over $21 million on January 20 and 21, 2026. This transaction increased his direct ownership to 38,347,842 shares. Additionally, Cohen holds warrants to purchase 3,734,784 shares at $32 each, expiring in October 2026.",https://www.tradingview.com/news/tradingview:c5bde6926d8b1:0-gamestop-ceo-ryan-cohen-acquires-1-million-shares/,positive,0.836,0.188,0.0,0.812
2026-03-15T20:18:49.498983+00:00,GME,news,Investors Are Swarming GameStop Stock Today: Here's Why,"GameStop (GME) shares are trading higher after CEO Ryan Cohen disclosed a significant purchase of 500,000 additional shares, increasing his stake to approximately 9.2% of outstanding shares. This news follows a new compensation package for Cohen tied to achieving a $100 billion market cap and $10 bi",https://www.sahmcapital.com/news/content/investors-are-swarming-gamestop-stock-today-heres-why-2026-01-21,positive,0.886,0.209,0.0,0.791
2026-03-15T20:18:49.498983+00:00,GME,news,Is GameStop’s Experiential ‘Return to Silent Hill’ Push a Turning Point in Its Brand Strategy (GME)?,"GameStop (GME) partnered with Cineverse for an in-store and digital campaign tied to the ""Return to Silent Hill"" film. This initiative is an example of GameStop's experiential marketing efforts to engage its core fanbase and keep stores relevant amid closures and a push towards e-commerce. While unl",https://www.sahmcapital.com/news/content/is-gamestops-experiential-return-to-silent-hill-push-a-turning-point-in-its-brand-strategy-gme-2026-01-21,positive,0.34,0.038,0.0,0.962
2026-03-15T20:18:49.498983+00:00,GME,news,"Stock Market Today: Dow Jones, S&P 500 Futures Recover As Focus Turns To Trump's Davos Address—Johnson & Johnson, Intel, GameStop In Focus","U.S. stock futures rebounded on Wednesday after a sharp sell-off the previous day, with markets focused on President Trump's upcoming address at the World Economic Forum in Davos. Individual stocks like GameStop and United Airlines saw gains due to positive company-specific news and analyst upgrades",https://www.sahmcapital.com/news/content/stock-market-today-dow-jones-sp-500-futures-recover-as-focus-turns-to-trumps-davos-addressjohnson-johnson-intel-gamestop-in-focus-2026-01-21,positive,0.9169,0.188,0.0,0.812
2026-03-15T20:18:49.498983+00:00,GME,news,A Look At GameStop (GME) Valuation As CEO Option Grant And Store Closures Reshape The Turnaround Story,"GameStop (GME) is under renewed scrutiny after approving a performance-based stock option package for CEO Ryan Cohen and announcing plans to close 296 stores. Despite a recent share price decline, some investors see it as undervalued with a narrative fair value of US$220, citing strong Q1 2025 finan",https://www.sahmcapital.com/news/content/a-look-at-gamestop-gme-valuation-as-ceo-option-grant-and-store-closures-reshape-the-turnaround-story-2026-01-12,positive,0.823,0.154,0.028,0.819
2026-03-15T20:18:49.498983+00:00,GME,news,$GME stock rose 2% this week. Here's what we see in our data.,"GameStop (GME) stock increased by 2% this week and was the 12th most-searched ticker on Quiver Quantitative. Insider trading activity for GME shows 7 sales and no purchases in the last six months, with significant sales by MARK HAYMOND ROBINSON and DANIEL WILLIAM MOORE. Institutional investors had m",https://www.quiverquant.com/news/%24GME+stock+rose+2%25+this+week.+Here%27s+what+we+see+in+our+data.,positive,0.1779,0.063,0.035,0.902
2026-03-15T20:18:49.498983+00:00,GME,news,GameStop Stock Near 52-Week Lows: Can Cohen's New Deal Spark A Turnaround? - GameStop (NYSE:GME),"GameStop (GME) shares are trading flat following news of a new performance-based compensation plan for CEO Ryan Cohen, tying his incentives to market capitalization and EBITDA milestones. The stock is currently showing bearish trends, trading near 52-week lows, with a mixed outlook from analysts and",https://www.benzinga.com/trading-ideas/movers/26/01/49796883/gamestop-stock-near-52-week-lows-can-cohens-new-deal-spark-a-turnaround,positive,0.4215,0.105,0.059,0.836
2026-03-15T20:18:49.498983+00:00,GME,news,GameStop Stock (GME) Or New Video Game: Which Christmas Gift Had Better Return In 2025?,"This article compares the investment return of buying a new video game versus investing an equivalent amount in GameStop (GME) stock during past Christmas seasons. While a new video game provides instant gratification, its value depreciates rapidly. The analysis, covering Christmas periods from 2019",https://www.sahmcapital.com/news/content/gamestop-stock-gme-or-new-video-game-which-christmas-gift-had-better-return-in-2025-2025-12-24,positive,0.8689,0.169,0.0,0.831
2026-03-15T20:18:49.498983+00:00,GME,news,Retail Darling GameStop Jumps In Value Ranking With Massive Cashpile And BTC Holdings Despite Mixed Q3,"GameStop Corp. (NYSE: GME) has seen its Benzinga Edge’s Stock Rankings value score improve significantly despite mixed third-quarter earnings. This rise is attributed to its substantial cash and Bitcoin holdings, which make the stock mathematically more attractive as its market cap declines. The com",https://www.sahmcapital.com/news/content/retail-darling-gamestop-jumps-in-value-ranking-with-massive-cashpile-and-btc-holdings-despite-mixed-q3-2025-12-16,positive,0.9381,0.234,0.0,0.766
2026-03-15T20:18:49.498983+00:00,GME,news,Michael Burry Admits Missing The Biggest Short Squeeze In History— GameStop's 'Gamma Squeeze' That Broke Wall Street,"Michael Burry, known for predicting the 2008 financial crisis, revealed in a Substack post that he sold his GameStop (NYSE: GME) position before its historic January 2021 rally. Despite initiating the trade in 2019, he missed a potential $1 billion windfall due to skepticism about activist investor ",https://www.sahmcapital.com/news/content/michael-burry-admits-missing-the-biggest-short-squeeze-in-history-gamestops-gamma-squeeze-that-broke-wall-street-2025-12-16,negative,-0.8779,0.031,0.186,0.783
2026-03-15T20:18:49.498983+00:00,GME,news,GameStop (GME) Is Down 5.4% After Profit Jumps On Cost Cuts Despite Lower Sales,"GameStop reported strong third-quarter 2025 net income of US$77.1 million, a significant increase from US$17.4 million year-over-year, despite sales dropping to US$821 million. This profit growth was primarily driven by cost reductions and a thriving collectibles segment, which offset a decline in c",https://www.sahmcapital.com/news/content/gamestop-gme-is-down-54-after-profit-jumps-on-cost-cuts-despite-lower-sales-2025-12-16,positive,0.9258,0.273,0.034,0.694
2026-03-15T20:18:49.498983+00:00,GME,news,GameStop Shares Slide As Revenue Miss Overshadows Earnings Beat,"GameStop Corp. (NYSE: GME) shares are trading lower this week, down roughly 7% over the past five sessions, following a mixed third-quarter financial report. While the company posted an adjusted earnings beat of 24 cents per share, its revenue of $821 million missed Wall Street estimates. Declining ",https://www.sahmcapital.com/news/content/gamestop-shares-slide-as-revenue-miss-overshadows-earnings-beat-2025-12-12,positive,0.1531,0.107,0.097,0.795
2026-03-15T20:18:49.498983+00:00,GME,news,GME Stock Tanks On Q3 Miss — Trump Ally In Congress Feels The Pain,"GameStop (GME) shares fell following a Q3 earnings miss, impacting Congresswoman Lisa McClain who had purchased the stock earlier in the year. McClain, a Republican Conference Chairwoman and Donald Trump ally, is down an estimated 21.2% to 23.9% on her investment. Her trading history, including past",https://www.sahmcapital.com/news/content/gme-stock-tanks-on-q3-miss-trump-ally-in-congress-feels-the-pain-2025-12-10,negative,-0.5106,0.036,0.105,0.859
2026-03-15T20:18:49.498983+00:00,GME,news,GameStop Stock Analysis: Q3 Results Provide Little Relief For Struggling Meme Stock Investors,"GameStop reported Q3 revenue of $821 million, falling short of estimates, though adjusted earnings per share exceeded expectations. While collectibles revenue showed growth, overall revenue declined year-over-year, and technical analysis indicates a mixed picture with short-term bullish momentum but",https://www.sahmcapital.com/news/content/gamestop-stock-analysis-q3-results-provide-little-relief-for-struggling-meme-stock-investors-2025-12-10,positive,0.3039,0.098,0.056,0.846
2026-03-15T20:18:49.498983+00:00,GME,news,GameStop Q3: Ryan Cohen's No-Hype Turnaround Meets Its First Real Test,"GameStop (GME) is set to release its Q3 earnings, presenting a crucial test for CEO Ryan Cohen's cost-cutting, profitability-focused strategy. Despite a bruised year-to-date performance, the stock exhibits bullish technical signals, with analysts keenly watching for clarity on Cohen's long-term visi",https://www.sahmcapital.com/news/content/gamestop-q3-ryan-cohens-no-hype-turnaround-meets-its-first-real-test-2025-12-09,positive,0.5719,0.089,0.0,0.911
2026-03-15T20:18:49.498983+00:00,GME,news,"GameStop Q3 2025 Earnings: Profit of $77.1M, Revenue $821M - News and Statistics","GameStop Corp. (GME) reported a profit of $77.1 million for its fiscal third quarter of 2025, with net income of 13 cents per share. Adjusted for non-recurring costs, earnings were 24 cents per share. The video game retailer also announced quarterly revenue of $821 million for the period.",https://www.indexbox.io/blog/gamestop-reports-q3-2025-profit-of-771-million/,positive,0.8481,0.156,0.0,0.844
2026-03-15T20:18:49.498983+00:00,GME,news,"GameStop, JPMorgan Chase, AeroVironment,GE Vernova And Cracker Barrel: Why These 5 Stocks Are On Investors' Radars Today","This article highlights five stocks—GameStop, JPMorgan Chase, AeroVironment, GE Vernova, and Cracker Barrel—that attracted significant investor attention due to recent financial results, analyst outlooks, and market movements. GameStop missed revenue estimates but beat on adjusted earnings, while JP",https://www.sahmcapital.com/news/content/gamestop-jpmorgan-chase-aerovironmentge-vernova-and-cracker-barrel-why-these-5-stocks-are-on-investors-radars-today-2025-12-10,positive,0.6123,0.113,0.027,0.859
2026-03-15T20:18:49.498983+00:00,GME,news,What's Going On With GameStop Stock Ahead Of Q3 Results?,"GameStop (NYSE: GME) is trading flat ahead of its Q3 earnings report, with analysts expecting a significant jump in revenue and EPS. Investors are focusing on the company's diversification efforts, particularly in hardware sales with the Nintendo Switch 2, the surging collectibles segment, and updat",https://www.sahmcapital.com/news/content/whats-going-on-with-gamestop-stock-ahead-of-q3-results-2025-12-09,positive,0.2023,0.033,0.0,0.967
2026-03-15T20:18:49.498983+00:00,GME,news,"GameStop Q3 Preview: Bitcoin, Collectibles, Trade Anything Day Could Help Offset Video Game Weakness","GameStop (NYSE: GME) is set to release its Q3 financial results, with analysts expecting a revenue of $987.3 million and EPS of 20 cents, marking a potential sixth consecutive profitable quarter. The company's performance will likely be driven by its growth initiatives in collectibles and Bitcoin ho",https://www.sahmcapital.com/news/content/gamestop-q3-preview-bitcoin-collectibles-trade-anything-day-could-help-offset-video-game-weakness-2025-12-08,positive,0.6597,0.124,0.042,0.833
2026-03-15T20:18:49.498983+00:00,GME,news,How Investors Are Reacting To GameStop (GME) Q3 Earnings And “Trade Anything Day” Collectibles Push,"GameStop (GME) is set to report its Q3 2025 earnings on December 9, coinciding with a ""Trade Anything Day"" promotion to boost its collectibles business. This report and promotional push are critical for investors to assess if the company's recent improvements in revenue and margins, driven by a focu",https://www.sahmcapital.com/news/content/how-investors-are-reacting-to-gamestop-gme-q3-earnings-and-trade-anything-day-collectibles-push-2025-12-09,positive,0.4019,0.075,0.035,0.89
2026-03-15T20:18:49.498983+00:00,GME,news,GameStop (GME) Stock Sentiment Is Soaring: Here's Why,"GameStop's (GME) stock sentiment is soaring, with shares up over 8.5% in five days, largely due to a resurgence of social media interest sparked by newly surfaced 2019 emails between ""Big Short"" investor Michael Burry and ""Roaring Kitty"" (Keith Gill). The emails showed Gill's agreement with Burry's ",https://www.sahmcapital.com/news/content/gamestop-gme-stock-sentiment-is-soaring-heres-why-2025-12-03,positive,0.8126,0.141,0.0,0.859
2026-03-15T20:18:49.498983+00:00,GME,news,Why GameStop (GME) Is Up 10.0% After Digital Sales Drive and Q3 Earnings Anticipation,"GameStop's stock (GME) has risen 10.0%, driven by anticipation for its Q3 earnings and a renewed focus on digital sales and customer engagement through initiatives like ""Trade Anything Day."" While retail trader activity and social media interest contribute to short-term price spikes, the company's l",https://www.sahmcapital.com/news/content/why-gamestop-gme-is-up-100-after-digital-sales-drive-and-q3-earnings-anticipation-2025-12-01,positive,0.8519,0.179,0.0,0.821
2026-03-15T20:18:49.498983+00:00,GME,news,What's Driving the Market Sentiment Around GameStop Corp?,"GameStop Corp.'s short interest has decreased by 5.43% since its last report, with 66.30 million shares sold short, representing 16.21% of available shares. This decline in short interest suggests a potentially more bullish sentiment among investors. Despite the decrease, GameStop's short interest r",https://www.sahmcapital.com/news/content/whats-driving-the-market-sentiment-around-gamestop-corp-2025-11-21,positive,0.9081,0.233,0.0,0.767
2026-03-15T20:18:49.498983+00:00,GME,news,GameStop (GME) Stock Is Soaring Thursday: What's Going On?,"GameStop (GME) stock is soaring due to renewed interest in ""meme stocks"" from speculative retail traders, despite a lack of company-specific news. This surge is likely a spillover from a social media-driven rally in Beyond Meat, which reminded traders of past short-squeeze dynamics. The article also",https://www.sahmcapital.com/news/content/gamestop-gme-stock-is-soaring-thursday-whats-going-on-2025-10-23,positive,0.7552,0.15,0.0,0.85
2026-03-15T20:18:49.498983+00:00,GME,news,Operating cash flow per share of GameStop Corp. Class A – LSX:A0HGDX - TradingView,"This page provides detailed annual and quarterly operating cash flow per share data for GameStop Corp. Class A (LSX:A0HGDX). The data spans from 2006 to 2024 annually and from Q4 2017 to Q2 2025 quarterly, presenting values, changes, and percentage changes for each period.",https://www.tradingview.com/symbols/LSX-A0HGDX/financials-statistics-and-ratios/operating-cash-flow-per-share/,positive,0.7269,0.122,0.0,0.878
2026-03-15T20:18:49.498983+00:00,GME,news,GameStop Corporation (GME) Stock forecasts - Yahoo,"This page is a consent notice from Yahoo regarding its use of cookies and personal data. It outlines how Yahoo and its partners use cookies for site functionality, security, measurement, personalized advertising, and analytics. Users are given options to ""Accept all,"" ""Reject all,"" or ""Manage privac",https://uk.finance.yahoo.com/research/reports/ARGUS_4038_QuantitativeReport_1760486400000,positive,0.4939,0.122,0.048,0.83
2026-03-15T20:18:49.498983+00:00,GME,news,GameStop Corporation (GME) Stock Forecasts - Yahoo,"This Yahoo Finance article presents key information from an Argus report on GameStop Corp. (GME) dated October 15, 2025. It includes the stock's current price and a brief company summary, inviting users to upgrade for full report access and premium insights.",https://ca.finance.yahoo.com/research/reports/ARGUS_4038_QuantitativeReport_1760486400000,positive,0.3182,0.049,0.0,0.951
2026-03-15T20:18:49.498983+00:00,GME,news,Voya Investment Management LLC Has $4.02 Million Position in GameStop Corp. $GME,"Voya Investment Management LLC significantly increased its stake in GameStop Corp. (NYSE:GME) by 28.8% in the first quarter, now holding 179,896 shares valued at over $4 million. GameStop's stock is showing upward momentum and reported a 21.8% revenue increase year-over-year. The company also announ",https://www.marketbeat.com/instant-alerts/filing-voya-investment-management-llc-buys-40238-shares-of-gamestop-corp-gme-2025-09-20/,positive,0.8176,0.157,0.0,0.843
2026-03-15T20:18:49.498983+00:00,GME,news,"Northern Trust Corp Purchases 11,813 Shares of GameStop Corp. $GME","Northern Trust Corp increased its stake in GameStop Corp. by 0.4%, adding 11,813 shares to now own approximately 3.18 million shares valued at $71 million. Other institutional investors also significantly increased their positions, while GameStop's latest earnings report showed an EPS of $0.17, exce",https://www.marketbeat.com/instant-alerts/filing-northern-trust-corp-grows-stock-position-in-gamestop-corp-gme-2025-08-26/,positive,0.9538,0.306,0.0,0.694
2026-03-15T20:18:49.498983+00:00,GME,news,"Invesco Ltd. Buys 71,946 Shares of GameStop Corp. $GME","Invesco Ltd. increased its holdings in GameStop Corp. by 12.3% in the first quarter, acquiring an additional 71,946 shares and bringing its total ownership to 657,703 shares valued at approximately $14.68 million. Other institutional investors like UMB Bank n.a., US Bancorp DE, Bogart Wealth LLC, SB",https://www.marketbeat.com/instant-alerts/filing-invesco-ltd-boosts-stock-holdings-in-gamestop-corp-gme-2025-08-23/,positive,0.936,0.265,0.0,0.735
2026-03-15T20:18:49.498983+00:00,GME,news,Monashee Investment Management LLC Invests $1.67 Million in GameStop Corp. $GME,"Monashee Investment Management LLC has invested $1.67 million in GameStop Corp. ($GME). The article indicates that this investment firm has taken a significant position in the video game retailer. Details regarding the nature of the investment or the firm's strategy are not provided, as the content ",https://www.marketbeat.com/instant-alerts/filing-75000-shares-in-gamestop-corp-gme-purchased-by-monashee-investment-management-llc-2025-08-21/,positive,0.2023,0.032,0.0,0.968
2026-03-15T20:18:49.498983+00:00,GME,news,GameStop Corp. (GME): A Bull Case Theory,"This article summarizes a bullish thesis for GameStop Corp. (GME), focusing on its pivot from traditional video game retail to a tech-enabled collectibles platform. The company, led by Ryan Cohen, is establishing ""Push Start Arcade"" (PSA) to address complexities in the collectibles market, enabling ",https://www.insidermonkey.com/blog/gamestop-corp-gme-a-bull-case-theory-2-1588003/,neutral,0.0,0.0,0.0,1.0
2026-03-15T20:18:49.498983+00:00,GME,news,Third Circ. Tosses Class Action Against GameStop's Tracking Software,"The Third Circuit Court of Appeals has dismissed a class action lawsuit against GameStop concerning its tracking software. Judge D. Michael Fisher ruled that the plaintiff, Cook, did not suffer a concrete injury, meaning her alleged harm was not of the kind caused by privacy torts like disclosure of",https://www.law.com/thelegalintelligencer/2025/08/11/third-circ-tosses-class-action-against-gamestops-tracking-software/,negative,-0.1265,0.117,0.124,0.759
2026-03-15T20:18:49.498983+00:00,GME,news,GameStop adjusts compensation package for Daniel Moore,"GameStop (NYSE: GME) has updated Daniel Moore's compensation package through a letter agreement. This includes an additional grant of restricted stock units, determined by dividing $1,650,000 by the average closing price of the company's Class A common stock over the 30 trading days preceding the gr",https://www.streetinsider.com/Corporate+News/GameStop+adjusts+compensation+package+for+Daniel+Moore/25177335.html,positive,0.6705,0.14,0.045,0.815
2026-03-15T20:18:49.498983+00:00,GME,news,GameStop customers could receive cash payout following settlement over alleged privacy breach,"GameStop has agreed to a $4.5 million settlement in a class-action lawsuit alleging the company shared customers' personal information with Facebook without consent. Customers who purchased a game from GameStop's website between August 18, 2020, and April 17, 2025, and have a public Facebook account",https://www.foxbusiness.com/retail/gamestop-customers-could-receive-cash-payout-following-settlement-over-alleged-privacy-breach,positive,0.2344,0.079,0.062,0.859
2026-03-15T20:18:49.498983+00:00,GME,news,"BTC, GME News: GameStop Raises $2.7B","GameStop (GME) successfully raised an additional $450 million through a ""greenshoe"" option exercise, bringing its total fundraising from a mid-June convertible debt offering to $2.7 billion. This capital will be allocated for general corporate purposes and strategic investments, including the acquis",https://www.coindesk.com/business/2025/06/25/gamestop-has-another-27b-in-bitcoin-buying-power-after-450m-greenshoe-exercise,positive,0.1779,0.066,0.051,0.883
